{
    "file_path": "front.png",
    "camera_angle_x": 0.6981317007977318,
    "camera_position": [
        1.2246468525851679e-16,
        -2.0,
        0.0
    ],
    "transform_matrix": [
        [
            1.0,
            0.0,
            6.123233601181349e-17,
            1.2246468525851679e-16
        ],
        [
            6.123233601181349e-17,
            3.422854177870249e-08,
            -0.9999999403953552,
            -2.0
        ],
        [
            0.0,
            0.9999999403953552,
            3.422854177870249e-08,
            0.0
        ],
        [
            0,
            0,
            0,
            1
        ]
    ],
    "scale": 1.0090587978936643,
    "offset": [
        -0.0004095807671546936,
        -0.00013910233974456787,
        0.0048758238554000854
    ]
}